School_ID,State,Year,Subject,ISBN
8,VIC,0,ENGLISH,9781741250879
9,NSW,0,ENGLISH,9780648237327
15,NSW,0,ENGLISH,9781742990682
15,NSW,0,ENGLISH,9781741351750
15,NSW,0,ENGLISH,9781742152196
15,NSW,0,ENGLISH,9780310709626
15,NSW,0,ENGLISH,9780648237327
15,NSW,0,ENGLISH,9781876424022
35,NSW,0,ENGLISH,9781740202954
36,QLD,0,ENGLISH,9781925487350
36,QLD,0,ENGLISH,9781741352795
36,QLD,0,ENGLISH,9781922246165
37,NT,0,MUSIC,9780987411457
37,NT,0,ENGLISH,9781741353006
37,NT,0,ENGLISH,9780760935880
37,NT,0,ENGLISH,9780076044818
37,NT,0,ENGLISH,9781743305614
8,VIC,1,ENGLISH,9781741250886
8,VIC,1,ENGLISH,9780170129046
8,VIC,1,ENGLISH,9780648237327
9,NSW,1,ENGLISH,9780648237327
9,NSW,1,MATHEMATICS,9780190322793
10,VIC,1,ENGLISH,9780190312480
10,VIC,1,ENGLISH,9781863112604
10,VIC,1,MUSIC,9780987411457
10,VIC,1,MATHEMATICS,9781741351828
10,VIC,1,MATHEMATICS,9781741351828
10,VIC,1,MATHEMATICS,9781741353358
10,VIC,1,ENGLISH,9780648237327
10,VIC,1,ENGLISH,9781741353501
6,VIC,1,SCIENCE,9780190310769
6,VIC,1,ENGLISH,9781925487459
6,VIC,1,ENGLISH,9781741353501
6,VIC,1,ENGLISH,9780725334604
6,VIC,1,ENGLISH,9780195560367
13,NT,1,MATHEMATICS,9780648237327
13,NT,1,MATHEMATICS,9781741351828
14,WA,1,ENGLISH,9780190312565
15,NSW,1,ENGLISH,9781876424503
15,NSW,1,MATHEMATICS,9781741353358
15,NSW,1,ENGLISH,9781406313574
15,NSW,1,MATHEMATICS,9781741351828
15,NSW,1,ENGLISH,9780593098431
15,NSW,1,ENGLISH,9780648237327
15,NSW,1,MATHEMATICS,9781741351828
17,QLD,1,ENGLISH,9780190320225
26,QLD,1,ENGLISH,9781741352801
26,QLD,1,MATHEMATICS,9781741351828
26,QLD,1,ENGLISH,9781863112604
33,NSW,1,MATHEMATICS,9781488621161
33,NSW,1,ENGLISH,9780190312565
33,NSW,1,MATHEMATICS,9781741351828
33,NSW,1,ENGLISH,9780190323172
33,NSW,1,ENGLISH,9780648237327
35,NSW,1,ENGLISH,9781740202978
36,QLD,1,ENGLISH,9781922246172
36,QLD,1,ENGLISH,9781741352801
37,NT,1,MUSIC,9780987411464
37,NT,1,ENGLISH,9781741352948
37,NT,1,ENGLISH,9780076044825
3,VIC,2,ENGLISH,9780190312497
3,VIC,2,LANGUAGES,9781563160332
3,VIC,2,ACCOUNTING,9781337587426
3,VIC,2,RELIGIOUS EDUCATION,9781933301013
3,VIC,2,ENGLISH,9780648237327
8,VIC,2,ENGLISH,9781741250893
8,VIC,2,ENGLISH,9780170129046
8,VIC,2,ENGLISH,9780648237327
9,NSW,2,ENGLISH,9780648237327
9,NSW,2,ENGLISH,9780987395344
9,NSW,2,ENGLISH,9780142410394
9,NSW,2,MATHEMATICS,9780190322809
10,VIC,2,ENGLISH,9780190323189
10,VIC,2,MATHEMATICS,9781741351774
10,VIC,2,ENGLISH,9781741353501
10,VIC,2,MATHEMATICS,9781741351774
10,VIC,2,ENGLISH,9780987127150
10,VIC,2,ENGLISH,9780190312497
6,VIC,2,SCIENCE,9780190310769
6,VIC,2,ENGLISH,9781925487459
6,VIC,2,ENGLISH,9780195560374
6,VIC,2,ENGLISH,9781741353501
6,VIC,2,ENGLISH,9780725334611
11,QLD,2,MATHEMATICS,9781741353372
11,QLD,2,MATHEMATICS,9781877085444
11,QLD,2,MATHEMATICS,9789810732936
11,QLD,2,MATHEMATICS,9789810730673
11,QLD,2,MATHEMATICS,9781862512634
11,QLD,2,MATHEMATICS,9781741352696
13,NT,2,MATHEMATICS,9780648237334
13,NT,2,MATHEMATICS,9781741351774
15,NSW,2,MATHEMATICS,9781741353372
15,NSW,2,ENGLISH,9780763696085
15,NSW,2,MATHEMATICS,9781741351774
15,NSW,2,ENGLISH,9781402007002
15,NSW,2,ENGLISH,9781400316908
15,NSW,2,ENGLISH,9780670072361
15,NSW,2,MATHEMATICS,9781741351774
17,QLD,2,MATHEMATICS,9781920962425
17,QLD,2,ENGLISH,9780190320232
26,QLD,2,ENGLISH,9781741352818
26,QLD,2,ENGLISH,9781863112604
26,QLD,2,MATHEMATICS,9781741351774
30,SA,2,ENGLISH,9780190309961
33,NSW,2,MATHEMATICS,9781488621802
33,NSW,2,ENGLISH,9780190312572
33,NSW,2,MATHEMATICS,9781741351774
33,NSW,2,ENGLISH,9780190323189
35,NSW,2,MATHEMATICS,9781488621192
35,NSW,2,ENGLISH,9781740202992
36,QLD,2,ENGLISH,9781877085444
36,QLD,2,MATHEMATICS,9781921358906
36,QLD,2,ENGLISH,9781925168563
37,NT,2,ENGLISH,9781741353006
37,NT,2,ENGLISH,9781743305737
37,NT,2,ENGLISH,9780076044832
3,VIC,3,ENGLISH,9780190312503
3,VIC,3,LANGUAGES,9781563160332
3,VIC,3,ENGLISH,9780190302689
3,VIC,3,SCIENCE,9780394176550
3,VIC,3,RELIGIOUS EDUCATION,9781933301013
8,VIC,3,MATHEMATICS,9781925114300
8,VIC,3,MATHEMATICS,9781921535758
8,VIC,3,MATHEMATICS,9781921535758
8,VIC,3,MATHEMATICS,9781876081621
8,VIC,3,MATHEMATICS,9781876081638
8,VIC,3,ENGLISH,9780980868753
9,NSW,3,ENGLISH,9780648237334
9,NSW,3,ENGLISH,9780190312572
9,NSW,3,MATHEMATICS,9780190322816
10,VIC,3,ENGLISH,9780190323172
10,VIC,3,LANGUAGES,9780932416988
10,VIC,3,MUSIC,9781875191987
10,VIC,3,ENGLISH,9781922116734
10,VIC,3,ENGLISH,9781741351583
10,VIC,3,ENGLISH,9780190312503
10,VIC,3,LANGUAGES,9780932416988
10,VIC,3,MATHEMATICS,9781741351781
10,VIC,3,MATHEMATICS,9781741351842
10,VIC,3,MUSIC,9780975182864
6,VIC,3,ENGLISH,9780190303488
6,VIC,3,ENGLISH,9781741351583
6,VIC,3,MATHEMATICS,9781741353389
6,VIC,3,ENGLISH,9780725334628
6,VIC,3,ENGLISH,9781925487466
6,VIC,3,SCIENCE,9780190310776
6,VIC,3,english,9780224025720
11,QLD,3,MATHEMATICS,9781741353389
11,QLD,3,MATHEMATICS,9781877085451
11,QLD,3,MATHEMATICS,9789814629294
11,QLD,3,MATHEMATICS,9789810732967
11,QLD,3,MATHEMATICS,9781741351583
13,NT,3,MATHEMATICS,9780648237334
13,NT,3,MATHEMATICS,9781741351842
15,NSW,3,MATHEMATICS,9781741353389
15,NSW,3,ENGLISH,9780141354828
15,NSW,3,ENGLISH,9780142401088
15,NSW,3,MATHEMATICS,9781741351781
15,NSW,3,ENGLISH,9780849907685
15,NSW,3,MATHEMATICS,9781741351842
16,NSW,3,ENGLISH,9780732285432
16,NSW,3,MATHEMATICS,9781741351811
16,NSW,3,ENGLISH,9780648103066
16,NSW,3,MATHEMATICS,9781741351811
17,QLD,3,ENGLISH,9780190320249
30,SA,3,MATHEMATICS,9781925487237
30,SA,3,ENGLISH,9780190309961
33,NSW,3,MATHEMATICS,9781864412741
33,NSW,3,ENGLISH,9780190312589
33,NSW,3,MATHEMATICS,9781741351781
33,NSW,3,ENGLISH,9780190302689
35,NSW,3,ENGLISH,9780170416917
35,NSW,3,MATHEMATICS,9781488621833
36,QLD,3,MATHEMATICS,9781921358913
36,QLD,3,ENGLISH,9781877085451
36,QLD,3,ENGLISH,9781922246165
36,QLD,3,MATHEMATICS,9780733978586
37,NT,3,MUSIC,9780648396703
37,NT,3,ENGLISH,9781741353006
37,NT,3,ENGLISH,9781743305737
37,NT,3,ENGLISH,9780076044849
37,NT,3,MATHEMATICS,9780980790559
37,NT,3,ENGLISH,9781743305539
3,VIC,4,ENGLISH,9780190312541
3,VIC,4,ENGLISH,9780190302689
8,VIC,4,MATHEMATICS,9781925114300
8,VIC,4,MATHEMATICS,9781921535758
8,VIC,4,MATHEMATICS,9781921535758
8,VIC,4,MATHEMATICS,9781876081621
8,VIC,4,MATHEMATICS,9781876081638
8,VIC,4,ENGLISH,9781741250916
9,NSW,4,ENGLISH,9780648237334
9,NSW,4,ENGLISH,9780061992278
9,NSW,4,ENGLISH,9780670894383
9,NSW,4,ENGLISH,9781925487329
9,NSW,4,ENGLISH,9780190312589
9,NSW,4,MATHEMATICS,9780190322823
10,VIC,4,ENGLISH,9780190312541
10,VIC,4,MUSIC,9781876772055
10,VIC,4,MATHEMATICS,9781741351798
10,VIC,4,MATHEMATICS,9781741352306
10,VIC,4,ENGLISH,9781922116741
6,VIC,4,SCIENCE,9780190310776
6,VIC,4,ENGLISH,9780142401088
6,VIC,4,ENGLISH,9780141316253
6,VIC,4,ENGLISH,9780725334635
6,VIC,4,MATHEMATICS,9780190310738
6,VIC,4,ENGLISH,9781741353501
6,VIC,4,ENGLISH,9780190323219
6,VIC,4,ENGLISH,9780190303488
6,VIC,4,ENGLISH,9781925487466
6,VIC,4,MATHEMATICS,9781741351798
11,QLD,4,ENGLISH,9781741353402
11,QLD,4,ENGLISH,9780316382007
11,QLD,4,ENGLISH,9781741353501
13,NT,4,MATHEMATICS,9781741352306
15,NSW,4,ENGLISH,9780142408810
15,NSW,4,ENGLISH,9780007456208
15,NSW,4,MATHEMATICS,9781741353396
15,NSW,4,ENGLISH,9780224025720
15,NSW,4,ENGLISH,9780140364521
15,NSW,4,MATHEMATICS,9781741351798
15,NSW,4,ENGLISH,9780849907685
15,NSW,4,MATHEMATICS,9781741352306
16,NSW,4,ENGLISH,9781925360707
16,NSW,4,ENGLISH,9781460703212
16,NSW,4,ENGLISH,9780399205200
16,NSW,4,MATHEMATICS,9780190312657
16,NSW,4,MATHEMATICS,9780190322823
16,NSW,4,ENGLISH,9781474924481
16,NSW,4,HISTORY,9780190310776
16,NSW,4,LANGUAGES,9789620435942
16,NSW,4,LANGUAGES,9789620435904
17,QLD,4,MATHEMATICS,9781921750021
17,QLD,4,ENGLISH,9780190320256
26,QLD,4,ENGLISH,9781741352825
26,QLD,4,MATHEMATICS,9781741353389
26,QLD,4,MATHEMATICS,9781741351842
30,SA,4,MATHEMATICS,9781925487244
30,SA,4,RELIGIOUS EDUCATION,9780061441714
30,SA,4,ENGLISH,9780190303488
33,NSW,4,MATHEMATICS,9781864412758
33,NSW,4,ENGLISH,9781925487329
33,NSW,4,ENGLISH,9780190312596
33,NSW,4,MATHEMATICS,9781741351798
35,NSW,4,ENGLISH,9780170416917
35,NSW,4,MATHEMATICS,9781488621833
36,QLD,4,ENGLISH,9781877085475
36,QLD,4,MATHEMATICS,9780733978593
37,NT,4,MUSIC,9780648396710
37,NT,4,ENGLISH,9781741352979
37,NT,4,ENGLISH,9781743305751
37,NT,4,ENGLISH,9780076044856
37,NT,4,MATHEMATICS,9780980790559
37,NT,4,ENGLISH,9781743305751
3,VIC,5,ENGLISH,9780190312527
3,VIC,5,ENGLISH,9780190302689
3,VIC,5,COMPUTER SCIENCE,9781316779132
3,VIC,5,ENGLISH,9781740202978
8,VIC,5,MATHEMATICS,9781925114300
8,VIC,5,MATHEMATICS,9781921535758
8,VIC,5,MATHEMATICS,9781921535758
8,VIC,5,MATHEMATICS,9781876081621
8,VIC,5,MATHEMATICS,9781876081638
8,VIC,5,ENGLISH,9781741250923
9,NSW,5,ENGLISH,9780648237341
9,NSW,5,ENGLISH,9780702235467
9,NSW,5,ENGLISH,9780099999409
9,NSW,5,ENGLISH,9781925487336
9,NSW,5,ENGLISH,9780190312596
9,NSW,5,MATHEMATICS,9780190322830
9,NSW,5,ENGLISH,9781742373836
9,NSW,5,ENGLISH,9780733320194
10,VIC,5,MATHEMATICS,9781741353501
10,VIC,5,MATHEMATICS,9781741353006
10,VIC,5,MATHEMATICS,9781922116758
10,VIC,5,MATHEMATICS,9781920962425
10,VIC,5,MATHEMATICS,9780190323219
10,VIC,5,MATHEMATICS,9781741351804
10,VIC,5,MATHEMATICS,9781741351866
10,VIC,5,MATHEMATICS,9781876772482
6,VIC,5,ENGLISH,9780192732637
6,VIC,5,MATHEMATICS,9781741351804
6,VIC,5,ENGLISH,9781741351613
6,VIC,5,MATHEMATICS,9780190310745
6,VIC,5,ENGLISH,9780725334642
6,VIC,5,ENGLISH,9780143505730
6,VIC,5,SCIENCE,9780190310783
6,VIC,5,ENGLISH,9781925487459
6,VIC,5,ENGLISH,9780141319001
11,QLD,5,ENGLISH,9781741353402
11,QLD,5,ENGLISH,9780316382007
11,QLD,5,ENGLISH,9781741353501
13,NT,5,MATHEMATICS,9781741351866
15,NSW,5,MATHEMATICS,9781741351804
15,NSW,5,MATHEMATICS,9781741351866
16,NSW,5,LANGUAGES,9781876028572
16,NSW,5,LANGUAGES,9781876028589
16,NSW,5,ENGLISH,9781789181494
16,NSW,5,ENGLISH,9781107056060
16,NSW,5,MATHEMATICS,9780190322830
16,NSW,5,LANGUAGES,9789620435942
16,NSW,5,HISTORY,9780190310783
16,NSW,5,LANGUAGES,9789620435904
17,QLD,5,MATHEMATICS,9781920962425
17,QLD,5,ENGLISH,9780190320263
26,QLD,5,MATHEMATICS,9781741353402
26,QLD,5,MATHEMATICS,9781741351866
30,SA,5,MATHEMATICS,9781925487251
30,SA,5,RELIGIOUS EDUCATION,9780061441714
30,SA,5,ENGLISH,9780190303488
33,NSW,5,MATHEMATICS,9781741353402
33,NSW,5,ENGLISH,9781925487336
33,NSW,5,ENGLISH,9780987127181
33,NSW,5,MATHEMATICS,9789810730727
33,NSW,5,MATHEMATICS,9789810733001
35,NSW,5,MATHEMATICS,9781488621284
35,NSW,5,MATHEMATICS,9781488621291
36,QLD,5,ENGLISH,9781877085475
36,QLD,5,MATHEMATICS,9780733978593
37,NT,5,ENGLISH,9780190323219
37,NT,5,ENGLISH,9780760963647
37,NT,5,ENGLISH,9780076044863
37,NT,5,MATHEMATICS,9780980790535
37,NT,5,ENGLISH,9781743305775
3,VIC,6,HUMANITIES,9781486008070
3,VIC,6,HUMANITIES,9781741401738
3,VIC,6,ENGLISH,9780175117888
3,VIC,6,ENGLISH,9780160462702
3,VIC,6,COMPUTER SCIENCE,9781316779132
8,VIC,6,MATHEMATICS,9781925114300
8,VIC,6,MATHEMATICS,9781921535758
8,VIC,6,MATHEMATICS,9781921535758
8,VIC,6,MATHEMATICS,9781876081621
8,VIC,6,MATHEMATICS,9781876081638
8,VIC,6,ENGLISH,9781741250930
9,NSW,6,ENGLISH,9780765385567
9,NSW,6,ENGLISH,9780425287774
9,NSW,6,ENGLISH,9781925487343
9,NSW,6,ENGLISH,9780190312602
9,NSW,6,ENGLISH,9780307279187
9,NSW,6,MATHEMATICS,9780190322847
9,NSW,6,ENGLISH,9780648237341
10,VIC,6,ENGLISH,9780190323226
10,VIC,6,MATHEMATICS,9781741351811
10,VIC,6,MUSIC,9781876772536
10,VIC,6,ENGLISH,9781922116765
10,VIC,6,MATHEMATICS,9781920962395
10,VIC,6,MATHEMATICS,9781741351811
10,VIC,6,ENGLISH,9781741351613
6,VIC,6,ENGLISH,9780192732637
6,VIC,6,ENGLISH,9781741753349
6,VIC,6,ENGLISH,9781741351613
6,VIC,6,ENGLISH,9780725334659
6,VIC,6,SCIENCE,9780078024290
6,VIC,6,ENGLISH,9780725334659
6,VIC,6,ENGLISH,9781921454028
6,VIC,6,ENGLISH,9780143304852
6,VIC,6,MATHEMATICS,9781108772631
6,VIC,6,ENGLISH,9781741353501
6,VIC,6,ENGLISH,9781925487459
6,VIC,6,ENGLISH,9780198611868
6,VIC,6,MATHEMATICS,9781741351811
6,VIC,6,ENGLISH,9780143304852
6,VIC,6,SCIENCE,9780190310783
6,VIC,6,SCIENCE,9780190310783
6,VIC,6,ENGLISH,9781925487459
11,QLD,6,ENGLISH,9781741353419
11,QLD,6,ENGLISH,9780141316253
11,QLD,6,ENGLISH,9781741351613
13,NT,6,MATHEMATICS,9781741351811
15,NSW,6,ENGLISH,9780732285432
15,NSW,6,MATHEMATICS,9781741351811
15,NSW,6,ENGLISH,9780648103066
15,NSW,6,MATHEMATICS,9781741351811
16,NSW,6,LANGUAGES,9781876028572
16,NSW,6,LANGUAGES,9781876028589
16,NSW,6,ENGLISH,9780147516015
16,NSW,6,ENGLISH,9780732290221
16,NSW,6,MATHEMATICS,9780190322847
16,NSW,6,MATHEMATICS,9781486009831
16,NSW,6,LANGUAGES,9789620435959
16,NSW,6,HISTORY,9780190310783
17,QLD,6,MATHEMATICS,9781920962395
26,QLD,6,MATHEMATICS,9781741353419
26,QLD,6,MATHEMATICS,9781741351811
30,SA,6,MATHEMATICS,9781925487268
30,SA,6,RELIGIOUS EDUCATION,9780061441714
30,SA,6,ENGLISH,9780190303488
33,NSW,6,MATHEMATICS,9781741353419
33,NSW,6,ENGLISH,9781925487343
33,NSW,6,MATHEMATICS,9780733965883
33,NSW,6,MATHEMATICS,9780195508697
35,NSW,6,MATHEMATICS,9781488621314
35,NSW,6,MATHEMATICS,9781488621321
37,NT,6,ENGLISH,9780190323226
37,NT,6,ENGLISH,9781743305799
37,NT,6,ENGLISH,9780076044863
37,NT,6,MATHEMATICS,9780980790535
37,NT,6,ENGLISH,9781743305591
2,VIC,7,LANGUAGES,9780804845588
2,VIC,7,LANGUAGES,9781692746056
2,VIC,7,SCIENCE,9781488615054
2,VIC,7,RELIGIOUS EDUCATION,9781107056060
2,VIC,7,LANGUAGES,9781876209902
2,VIC,7,ENGLISH,9780517588376
2,VIC,7,ENGLISH,9781458650412
2,VIC,7,ENGLISH,9781558332881
2,VIC,7,COMPUTER SCIENCE,9789814779098
2,VIC,7,ENGLISH,9780190319342
2,VIC,7,ENGLISH,9780782723441
2,VIC,7,HUMANITIES,9780730372837
2,VIC,7,LANGUAGES,9780190303488
3,VIC,7,ENGLISH,9781743314838
3,VIC,7,ENGLISH,9781411479876
3,VIC,7,COMPUTER SCIENCE,9780170411813
3,VIC,7,LANGUAGES,9780170393720
4,VIC,7,LANGUAGES,9781876209520
4,VIC,7,LANGUAGES,9781876209513
4,VIC,7,ENGLISH,9781481486767
5,VIC,7,ENGLISH,9781742619910
5,VIC,7,LANGUAGES,9781876739072
5,VIC,7,COMPUTER SCIENCE,9781118948477
5,VIC,7,MATHEMATICS,9780190308285
5,VIC,7,MATHEMATICS,9780190308322
7,VIC,7,ENGLISH,9780141359410
7,VIC,7,ENGLISH,9781907127281
10,VIC,7,MATHEMATICS,9781108772631
10,VIC,7,ENGLISH,9780007141425
10,VIC,7,LANGUAGES,9780932416353
10,VIC,7,HUMANITIES,9780730372837
10,VIC,7,MUSIC,9781785583575
10,VIC,7,ENGLISH,9781441175410
10,VIC,7,ENGLISH,9780730362616
10,VIC,7,LANGUAGES,9780198603276
10,VIC,7,LANGUAGES,9780732979966
10,VIC,7,LANGUAGES,9789607914385
10,VIC,7,SCIENCE,9780730348573
10,VIC,7,LANGUAGES,9780730389422
6,VIC,7,ENGLISH,9780730382133
6,VIC,7,ENGLISH,9780380807345
6,VIC,7,SCIENCE,9780190306861
6,VIC,7,SCIENCE,9780190306861
6,VIC,7,MATHEMATICS,9781108772631
6,VIC,7,SCIENCE,9780975835807
6,VIC,7,MATHEMATICS,9781108772716
6,VIC,7,ENGLISH,9780435121006
6,VIC,7,ENGLISH,9781458650412
6,VIC,7,SCIENCE,9798708474995
6,VIC,7,ENGLISH,9780140366204
11,QLD,7,ENGLISH,9780987215925
11,QLD,7,ENGLISH,9780195528046
13,NT,7,ENGLISH,9781488610622
18,VIC,7,ENGLISH,9780143202837
18,VIC,7,ENGLISH,9780195505375
18,VIC,7,ENGLISH,9781458650412
18,VIC,7,MATHEMATICS,9781108772631
27,ACT,7,SCIENCE,9781488615054
27,ACT,7,ENGLISH,9780440229087
27,ACT,7,HISTORY,9781486053612
29,QLD,7,ENGLISH,9780190308674
29,QLD,7,LANGUAGES,9780170129657
37,NT,7,SCIENCE,9781488615054
37,NT,7,ENGLISH,9781406339345
37,NT,7,ENGLISH,9780190308698
37,NT,7,HUMANITIES,9780195590197
37,NT,7,MATHEMATICS,9781108772631
38,NSW,7,ENGLISH,9780194038355
38,NSW,7,ENGLISH,9781921228926
38,NSW,7,MATHEMATICS,9789264265080
39,TAS,7,RELIGIOUS EDUCATION,9781599822211
40,NT,7,ENGLISH,9781925360707
40,NT,7,PDHPE,9781925487534
40,NT,7,LANGUAGES,9781488624001
40,NT,7,ENGLISH,9780195528046
40,NT,7,ENGLISH,9780195528046
2,VIC,8,SCIENCE,9781488615061
2,VIC,8,ENGLISH,9780763676797
2,VIC,8,LANGUAGES,9780060787325
2,VIC,8,ENGLISH,9781458650498
2,VIC,8,LANGUAGES,9781488617492
2,VIC,8,ENGLISH,9780190319342
2,VIC,8,HOME ECONOMICS,9781474459907
2,VIC,8,HUMANITIES,9780730372776
2,VIC,8,LANGUAGES,9780170393720
2,VIC,8,RELIGIOUS EDUCATION,9781599829234
2,VIC,8,LANGUAGES,9780170417655
2,VIC,8,RELIGIOUS EDUCATION,9782021030907
3,VIC,8,ENGLISH,9780571056866
3,VIC,8,ENGLISH,9780802797797
3,VIC,8,COMPUTER SCIENCE,9780170411813
3,VIC,8,LANGUAGES,9780170393720
3,VIC,8,SCIENCE,9780730379195
5,VIC,8,SCIENCE,9781488615061
5,VIC,8,ENGLISH,9781742619910
5,VIC,8,FOOD TECHNOLOGY,9780730389422
5,VIC,8,LANGUAGES,9781876739072
5,VIC,8,MATHEMATICS,9780190308322
7,VIC,8,ENGLISH,9780763669881
7,VIC,8,ENGLISH,9780375842207
7,VIC,8,MATHEMATICS,9780730348559
10,VIC,8,ENGLISH,9781351715850
10,VIC,8,MUSIC,9781877011313
10,VIC,8,ENGLISH,9780375842207
10,VIC,8,LANGUAGES,9781876739485
10,VIC,8,LANGUAGES,9780198603276
10,VIC,8,SCIENCE,9780730348597
10,VIC,8,PDHPE,9780730362616
10,VIC,8,LANGUAGES,9780990552918
10,VIC,8,LANGUAGES,9780070162075
10,VIC,8,LANGUAGES,9781876739485
10,VIC,8,MATHEMATICS,9781108772716
10,VIC,8,HUMANITIES,9780730372776
10,VIC,8,LANGUAGES,9780170122696
6,VIC,8,ENGLISH,9781583335239
6,VIC,8,ENGLISH,9781458650498
6,VIC,8,ENGLISH,9780730382133
6,VIC,8,ENGLISH,9780141359410
6,VIC,8,MATHEMATICS,9781108772716
6,VIC,8,MATHEMATICS,9781108772853
6,VIC,8,SCIENCE,9780975835807
6,VIC,8,SCIENCE,9798708474995
6,VIC,8,ENGLISH,9780078024290
12,WA,8,LANGUAGES,9781488657139
13,NT,8,ENGLISH,9781488610400
18,VIC,8,ENGLISH,9780521719117
18,VIC,8,ENGLISH,9780099572862
18,VIC,8,MATHEMATICS,9781108772716
18,VIC,8,ENGLISH,9780195505375
27,ACT,8,SCIENCE,9781488615061
27,ACT,8,ENGLISH,9781107615496
27,ACT,8,ENGLISH,9780241952443
27,ACT,8,HISTORY,9781292362618
27,ACT,8,HISTORY,9781292362618
27,ACT,8,MATHEMATICS,9781107595903
28,SA,8,MUSIC,9780869470145
28,SA,8,LANGUAGES,9780007485505
28,SA,8,LANGUAGES,9780195553116
29,QLD,8,ENGLISH,9780190308674
29,QLD,8,LANGUAGES,9780170129657
37,NT,8,SCIENCE,9781488615061
37,NT,8,ENGLISH,9780439023481
37,NT,8,ENGLISH,9780190308698
37,NT,8,HUMANITIES,9780195590203
37,NT,8,MATHEMATICS,9781108772716
38,NSW,8,ENGLISH,9781481481960
38,NSW,8,ENGLISH,9780734419712
38,NSW,8,ENGLISH,9780199535064
38,NSW,8,ENGLISH,9781742372389
39,TAS,8,RELIGIOUS EDUCATION,9781599822211
39,TAS,8,LANGUAGES,9780170181396
40,NT,8,ENGLISH,9781925360707
40,NT,8,LANGUAGES,9781488657139
40,NT,8,ENGLISH,9780195528046
40,NT,8,ENGLISH,9780195528046
2,VIC,9,SCIENCE,9781488615078
2,VIC,9,ENGLISH,9781925485912
2,VIC,9,MUSIC,9780367030773
2,VIC,9,LANGUAGES,9780060787325
2,VIC,9,LANGUAGES,9781488617539
2,VIC,9,ENGLISH,9780190319342
2,VIC,9,HUMANITIES,9780730372776
2,VIC,9,LANGUAGES,9780170393720
2,VIC,9,RELIGIOUS EDUCATION,9781599829234
2,VIC,9,LANGUAGES,9780170129640
2,VIC,9,HUMANITIES,9798708474995
3,VIC,9,GEOGRAPHY,9780207199165
3,VIC,9,GEOGRAPHY,9780140189896
3,VIC,9,ENGLISH,9780170411820
4,VIC,9,ENGLISH,9780160443152
4,VIC,9,ENGLISH,9781408236864
4,VIC,9,LANGUAGES,9781876209759
4,VIC,9,ENGLISH,9780190311308
4,VIC,9,LANGUAGES,9781876209742
5,VIC,9,ENGLISH,9780143039976
5,VIC,9,ENGLISH,9781742619910
5,VIC,9,ENGLISH,9780006755234
5,VIC,9,SCIENCE,9781488615078
5,VIC,9,ENGLISH,9780141314570
5,VIC,9,ENGLISH,9780141314570
5,VIC,9,ENGLISH,9780763669881
5,VIC,9,ENGLISH,9780812550702
5,VIC,9,ENGLISH,9780141393056
5,VIC,9,LANGUAGES,9781876739485
7,VIC,9,ENGLISH LITERARY STUDIES,9780802825216
7,VIC,9,ENGLISH,9780141187761
7,VIC,9,ENGLISH,9789401705288
7,VIC,9,LANGUAGES,9780008141639
7,VIC,9,ENGLISH,9780063032538
7,VIC,9,MATHEMATICS,9780730353591
7,VIC,9,ENGLISH LITERARY STUDIES,9780190303488
7,VIC,9,LANGUAGES,9780190303488
10,VIC,9,MUSIC,9781548483128
10,VIC,9,ENGLISH,9780385486804
10,VIC,9,ENGLISH,9781586638443
10,VIC,9,ENGLISH,9780141439471
10,VIC,9,ENGLISH,9781405867719
10,VIC,9,ENGLISH,9781596682474
10,VIC,9,ENGLISH LITERARY STUDIES,9781107615595
10,VIC,9,ENGLISH,9781459660120
10,VIC,9,ENGLISH,9780141185354
10,VIC,9,ENGLISH,9780141182551
10,VIC,9,ENGLISH,9780141182551
10,VIC,9,ENGLISH,9780571191475
10,VIC,9,ENGLISH,9781909531192
10,VIC,9,ENGLISH,9780099549482
10,VIC,9,ENGLISH LITERARY STUDIES,9781594632747
10,VIC,9,ENGLISH LITERARY STUDIES,9780571322725
10,VIC,9,ENGLISH LITERARY STUDIES,9781926428581
10,VIC,9,ENGLISH,9781841156613
10,VIC,9,ENGLISH,9780618485222
10,VIC,9,ENGLISH,9781925778663
10,VIC,9,ENGLISH,9781925778083
10,VIC,9,ENGLISH,9780573040122
10,VIC,9,LANGUAGES,9780198603276
10,VIC,9,LANGUAGES,9780198603276
10,VIC,9,SCIENCE,9781316502648
10,VIC,9,ACCOUNTING,9781420239638
10,VIC,9,ACCOUNTING,9781420239645
10,VIC,9,LANGUAGES,9780008359850
10,VIC,9,SCIENCE,9780730386889
10,VIC,9,MUSIC,9780987052049
10,VIC,9,BUSINESS STUDIES,9780170385435
10,VIC,9,ENGLISH,9780688048389
10,VIC,9,LANGUAGES,9781925534702
10,VIC,9,BUSINESS STUDIES,9781921813610
10,VIC,9,PDHPE,9780070318670
10,VIC,9,ENGLISH,9781925778311
10,VIC,9,HISTORY,9781875585038
10,VIC,9,HISTORY,9781875585021
10,VIC,9,LANGUAGES,9787301171134
10,VIC,9,ENGLISH,9787513503365
10,VIC,9,ENGLISH,9787513503365
10,VIC,9,MATHEMATICS,9781108772907
10,VIC,9,BUSINESS STUDIES,9781108705592
10,VIC,9,BUSINESS STUDIES,9781108735438
10,VIC,9,MEDIA,9781488619489
10,VIC,9,SCIENCE,9781488611223
10,VIC,9,PDHPE,9780730329374
10,VIC,9,LANGUAGES,9780730371854
10,VIC,9,LANGUAGES,9780730371557
10,VIC,9,SCIENCE,9780730373643
10,VIC,9,SCIENCE,9780730373902
10,VIC,9,ACCOUNTING,9781420239645
10,VIC,9,LANGUAGES,9781922259011
10,VIC,9,LANGUAGES,9781922259011
10,VIC,9,MUSIC,9780730389422
6,VIC,9,ENGLISH,9780730382133
6,VIC,9,MATHEMATICS,9781108772853
6,VIC,9,MATHEMATICS,9781108772907
6,VIC,9,ENGLISH,9781458650504
6,VIC,9,SCIENCE,9798708474995
12,WA,9,LANGUAGES,9781488625855
12,WA,9,LANGUAGES,9780730389422
18,VIC,9,ENGLISH,9780195505375
18,VIC,9,ENGLISH,9780571056866
18,VIC,9,ENGLISH,9780573040191
18,VIC,9,ENGLISH,9780194776189
27,ACT,9,LANGUAGES,9780008377380
27,ACT,9,SCIENCE,9781488615078
27,ACT,9,LANGUAGES,9780521004305
27,ACT,9,LANGUAGES,9780521894708
27,ACT,9,LANGUAGES,9780435389215
27,ACT,9,SCIENCE,9780170177900
27,ACT,9,VISUAL ARTS,9781742163505
27,ACT,9,ENGLISH,9781548635787
28,SA,9,MUSIC,9780869470145
28,SA,9,LANGUAGES,9780007485505
28,SA,9,LANGUAGES,9780195553116
28,SA,9,RELIGIOUS EDUCATION,9781599829234
29,QLD,9,LANGUAGES,9781740850810
29,QLD,9,LANGUAGES,9780170129657
37,NT,9,ENGLISH,9781925485592
37,NT,9,ENGLISH,9780195505375
37,NT,9,HUMANITIES,9780195522167
37,NT,9,MATHEMATICS,9781108772853
38,NSW,9,ENGLISH,9781107615403
38,NSW,9,ENGLISH,9780194038355
38,NSW,9,LANGUAGES,9787561918111
38,NSW,9,GEOGRAPHY,9781118489291
38,NSW,9,LANGUAGES,9787561918104
38,NSW,9,HISTORY,9781118489291
38,NSW,9,SCIENCE,9781118489291
39,TAS,9,LANGUAGES,9780170196895
39,TAS,9,LANGUAGES,9780170196826
40,NT,9,ENGLISH,9780141393056
40,NT,9,ENGLISH,9780195528350
40,NT,9,LANGUAGES,9781488624124
40,NT,9,LANGUAGES,9781488625855
2,VIC,10,SCIENCE,9781488615085
2,VIC,10,ENGLISH,9781107615496
2,VIC,10,LANGUAGES,9780060787325
2,VIC,10,LANGUAGES,9781260463170
2,VIC,10,LANGUAGES,9781931873383
2,VIC,10,LANGUAGES,9780934034425
2,VIC,10,HISTORY,9780582060135
2,VIC,10,BUSINESS STUDIES,9780730346517
2,VIC,10,ENGLISH,9780190320355
2,VIC,10,ENGLISH,9780190319342
2,VIC,10,LANGUAGES,9780732965723
2,VIC,10,HISTORY,9780730346517
2,VIC,10,LANGUAGES,9780170129657
2,VIC,10,RELIGIOUS EDUCATION,9781599829234
2,VIC,10,LANGUAGES,9780170417686
2,VIC,10,LANGUAGES,9780170090742
2,VIC,10,HISTORY,9798708474995
2,VIC,10,ENGLISH,9780732979966
3,VIC,10,ENGLISH,9781586638467
3,VIC,10,ENGLISH,9780452284241
3,VIC,10,COMPUTER SCIENCE,9780170411820
3,VIC,10,BUSINESS STUDIES,9781108705592
4,VIC,10,ENGLISH,9780140449297
4,VIC,10,ENGLISH,9780375866272
4,VIC,10,ENGLISH,9780195550184
4,VIC,10,ENGLISH,9780190311308
7,VIC,10,ENGLISH LITERARY STUDIES,9780802825216
7,VIC,10,ENGLISH,9780141187761
7,VIC,10,ENGLISH,9789401705288
7,VIC,10,LANGUAGES,9780008141639
7,VIC,10,ENGLISH,9780063032538
7,VIC,10,MATHEMATICS,9780730353591
7,VIC,10,ENGLISH LITERARY STUDIES,9780190303488
7,VIC,10,LANGUAGES,9780190303488
10,VIC,10,MUSIC,9781548483128
10,VIC,10,ENGLISH,9780385486804
10,VIC,10,ENGLISH,9781586638443
10,VIC,10,ENGLISH,9780141439471
10,VIC,10,ENGLISH,9781405867719
10,VIC,10,ENGLISH,9781596682474
10,VIC,10,ENGLISH LITERARY STUDIES,9781107615595
10,VIC,10,ENGLISH,9781459660120
10,VIC,10,ENGLISH,9780141185354
10,VIC,10,ENGLISH,9780141182551
10,VIC,10,ENGLISH,9780141182551
10,VIC,10,ENGLISH,9780571191475
10,VIC,10,ENGLISH,9781909531192
10,VIC,10,ENGLISH,9780099549482
10,VIC,10,ENGLISH LITERARY STUDIES,9781594632747
10,VIC,10,ENGLISH LITERARY STUDIES,9780571322725
10,VIC,10,ENGLISH LITERARY STUDIES,9781926428581
10,VIC,10,ENGLISH,9781841156613
10,VIC,10,ENGLISH,9780618485222
10,VIC,10,ENGLISH,9781925778663
10,VIC,10,ENGLISH,9781925778083
10,VIC,10,ENGLISH,9780573040122
10,VIC,10,LANGUAGES,9780198603276
10,VIC,10,LANGUAGES,9780198603276
10,VIC,10,SCIENCE,9781316502648
10,VIC,10,ACCOUNTING,9781420239638
10,VIC,10,LANGUAGES,9780008359850
10,VIC,10,SCIENCE,9780730386889
10,VIC,10,MUSIC,9780987052049
10,VIC,10,BUSINESS STUDIES,9780170385435
10,VIC,10,ENGLISH,9780688048389
10,VIC,10,LANGUAGES,9781925534702
10,VIC,10,BUSINESS STUDIES,9781921813610
10,VIC,10,ENGLISH,9781925778311
10,VIC,10,HISTORY,9781875585038
10,VIC,10,HISTORY,9781875585021
10,VIC,10,LANGUAGES,9787301171134
10,VIC,10,ENGLISH,9787513503365
10,VIC,10,ENGLISH,9787513503365
10,VIC,10,MATHEMATICS,9781108772907
10,VIC,10,BUSINESS STUDIES,9781108705592
10,VIC,10,BUSINESS STUDIES,9781108735438
10,VIC,10,MEDIA,9781488619489
10,VIC,10,SCIENCE,9781488611223
10,VIC,10,PDHPE,9780730329374
10,VIC,10,LANGUAGES,9780730371854
10,VIC,10,LANGUAGES,9780730371557
10,VIC,10,SCIENCE,9780730373643
10,VIC,10,SCIENCE,9780730373902
10,VIC,10,LANGUAGES,9781922259011
10,VIC,10,LANGUAGES,9781922259011
10,VIC,10,LANGUAGES,9780732979966
10,VIC,10,MUSIC,9780730389422
10,VIC,10,LANGUAGES,9780730389422
6,VIC,10,MATHEMATICS,9781107648388
6,VIC,10,MATHEMATICS,9781108772907
6,VIC,10,MATHEMATICS,9781107648449
12,WA,10,LANGUAGES,9780435396503
12,WA,10,LANGUAGES,9781488624124
12,WA,10,LANGUAGES,9781488625855
12,WA,10,MATHEMATICS,9781622861552
12,WA,10,MATHEMATICS,9798708474995
12,WA,10,LANGUAGES,9798708474995
12,WA,10,LANGUAGES,9780730389422
18,VIC,10,ENGLISH,9780195505375
18,VIC,10,MUSIC,9781864690958
18,VIC,10,ENGLISH,9780099549482
18,VIC,10,ENGLISH,9781107615397
18,VIC,10,ENGLISH,9780573040122
18,VIC,10,MATHEMATICS,9781108772907
27,ACT,10,LANGUAGES,9780008377380
27,ACT,10,SCIENCE,9781488615085
27,ACT,10,ENGLISH,9780521618724
27,ACT,10,DRAMA,9780615918174
27,ACT,10,ENGLISH,9780679406419
27,ACT,10,LANGUAGES,9780435720339
27,ACT,10,LANGUAGES,9787561921036
27,ACT,10,LANGUAGES,9780521894708
27,ACT,10,LANGUAGES,9780521519618
27,ACT,10,AGRICULTURE,9781108662215
27,ACT,10,LANGUAGES,9787561921036
27,ACT,10,SCIENCE,9780170177900
27,ACT,10,AGRICULTURE,9780170443111
27,ACT,10,VISUAL ARTS,9781742163505
27,ACT,10,LANGUAGES,9782014015423
28,SA,10,LANGUAGES,9780195553116
28,SA,10,LANGUAGES,9780060787325
28,SA,10,MUSIC,9780980309126
28,SA,10,RELIGIOUS EDUCATION,9781599829234
29,QLD,10,ENGLISH,9780190308674
29,QLD,10,LANGUAGES,9780170129657
38,NSW,10,ENGLISH,9781877011405
38,NSW,10,ENGLISH,9780141393056
38,NSW,10,english,9781785584909
38,NSW,10,ENGLISH,9781740811859
38,NSW,10,HISTORY,9783839414859
38,NSW,10,GEOGRAPHY,9781118489291
38,NSW,10,DANCE,9781447105152
38,NSW,10,HISTORY,9781447105152
38,NSW,10,SCIENCE,9781118489291
39,TAS,10,ENVIRONMENTAL SCIENCE,9780747594802
39,TAS,10,SCIENCE,9781927173732
39,TAS,10,ENVIRONMENTAL SCIENCE,9781927173558
39,TAS,10,SCIENCE,9781927173930
39,TAS,10,HISTORY,9780521796460
40,NT,10,ENGLISH,9781530203703
40,NT,10,ENGLISH,9780375866272
40,NT,10,ENGLISH,9780195528350
40,NT,10,ENGLISH,9780195528350
40,NT,10,ENGLISH,9780195528350
40,NT,10,LANGUAGES,9781488624124
40,NT,10,LANGUAGES,9781488625855
3,VIC,11,ENGLISH,9780099549482
3,VIC,11,ENGLISH,9780062077325
3,VIC,11,SCIENCE,9781488611247
3,VIC,11,SCIENCE,9781488611261
3,VIC,11,SCIENCE,9781316502648
3,VIC,11,MATHEMATICS,9781316502655
3,VIC,11,MATHEMATICS,9781316502662
3,VIC,11,SCIENCE,9780521712880
3,VIC,11,SCIENCE,9780521726986
3,VIC,11,PSYCHOLOGY,9780170365611
3,VIC,11,SCIENCE,9781488623905
3,VIC,11,SCIENCE,9781488612008
3,VIC,11,SCIENCE,9781488611247
3,VIC,11,ENGLISH,9781488610059
3,VIC,11,HUMANITIES,9780995354524
3,VIC,11,BUSINESS STUDIES,9781108735438
3,VIC,11,SCIENCE,9781488611261
3,VIC,11,SCIENCE,9781488611247
3,VIC,11,SCIENCE,9781488611223
7,VIC,11,ENGLISH LITERARY STUDIES,9780140436068
7,VIC,11,ENGLISH,9780385737166
7,VIC,11,ENGLISH LITERARY STUDIES,9781316606735
7,VIC,11,ENGLISH,9781925355123
7,VIC,11,ENGLISH LITERARY STUDIES,9780156034029
7,VIC,11,ENGLISH,9780241950425
7,VIC,11,ENGLISH,9780987308535
7,VIC,11,ENGLISH,9781921088858
7,VIC,11,LANGUAGES,9788484435648
7,VIC,11,LANGUAGES,9788484435631
7,VIC,11,MATHEMATICS,9781108772907
7,VIC,11,ENGLISH,9780732979966
7,VIC,11,LANGUAGES,9780190303488
6,VIC,11,ENGLISH,9780434934362
6,VIC,11,ENGLISH,9780434934362
6,VIC,11,ENGLISH,9780571056866
6,VIC,11,ENGLISH,9780571056866
6,VIC,11,ENGLISH,9780143104407
6,VIC,11,ENGLISH,9780143104407
6,VIC,11,ENGLISH,9780730382133
6,VIC,11,ENGLISH,9780730382133
6,VIC,11,MATHEMATICS,9781107648388
6,VIC,11,MATHEMATICS,9781108772907
6,VIC,11,MATHEMATICS,9781107648449
6,VIC,11,SCIENCE,9780975835807
12,WA,11,ENGLISH LITERARY STUDIES,9780141182636
12,WA,11,ENGLISH LITERARY STUDIES,9781107615496
12,WA,11,ENGLISH,9781760556631
12,WA,11,ENGLISH LITERARY STUDIES,9780141190266
12,WA,11,ENGLISH LITERARY STUDIES,9780952603122
12,WA,11,SCIENCE,9781488617720
12,WA,11,SCIENCE,9781488617713
12,WA,11,LANGUAGES,9780345405487
12,WA,11,LANGUAGES,9780008241384
12,WA,11,LANGUAGES,9780435396503
12,WA,11,ENGLISH,9781319455569
12,WA,11,PSYCHOLOGY,9780170414173
12,WA,11,SCIENCE,9781927173572
12,WA,11,SCIENCE,9780980370461
12,WA,11,MATHEMATICS,9780170390194
12,WA,11,MATHEMATICS,9781925209754
12,WA,11,ENGLISH,9798708474995
12,WA,11,ENGLISH,9780730389422
27,ACT,11,LANGUAGES,9780008377380
27,ACT,11,ENGLISH,9780521618724
27,ACT,11,ENGLISH,9781107615595
27,ACT,11,ENGLISH,9780679406419
27,ACT,11,ENGLISH,9781548635787
28,SA,11,LANGUAGES,9780060787325
28,SA,11,RELIGIOUS EDUCATION,9781599829234
38,NSW,11,ENGLISH,9780141182636
38,NSW,11,ENGLISH,9781107615595
39,TAS,11,ENVIRONMENTAL SCIENCE,9780747594802
39,TAS,11,ENVIRONMENTAL SCIENCE,9781927173558
39,TAS,11,SCIENCE,9781927173930
39,TAS,11,LANGUAGES,9780732965723
39,TAS,11,HISTORY,9780521796460
40,NT,11,LANGUAGES,9780732965723
40,NT,11,SCIENCE,9781488611247
1,NSW,12,ENGLISH,9781107615397
12,WA,12,LANGUAGES,9780008241384
12,WA,12,LANGUAGES,9780435396503
12,WA,12,SCIENCE,9781927173572
12,WA,12,SCIENCE,9781927173930
12,WA,12,SCIENCE,9781927173930
20,NSW,12,ENGLISH,9780141187761
21,NSW,12,ENGLISH,9780141439471
21,NSW,12,ENGLISH,9781107615397
23,NSW,12,ENGLISH,9780141439471
23,NSW,12,ENGLISH,9780141182551
23,NSW,12,ENGLISH,9780141182551
24,QLD,12,LANGUAGES,9780008241384
25,QLD,12,ENGLISH,9780141439471
25,QLD,12,ENGLISH,9789401705288
28,SA,12,LANGUAGES,9780060787325
31,QLD,12,ENGLISH,9781107615496
34,QLD,12,ENGLISH,9780141182636
34,QLD,12,ENGLISH,9781107615496
34,QLD,12,ENGLISH,9781107615496
37,NT,12,SCIENCE,9781488611247
38,NSW,12,ENGLISH,9780141439471
38,NSW,12,ENGLISH,9780141182551
2,VIC,12,ENGLISH LITERARY STUDIES,9780141182636
2,VIC,12,ENGLISH,9781596682474
2,VIC,12,ENGLISH,9781596682474
2,VIC,12,ENGLISH,9780141182551
2,VIC,12,ENGLISH,9780141182551
2,VIC,12,ENGLISH,9781841156613
2,VIC,12,ENGLISH,9781925778663
2,VIC,12,ENGLISH,9781925778663
2,VIC,12,SCIENCE,9781488611247
2,VIC,12,SCIENCE,9781488611261
2,VIC,12,LANGUAGES,9780060787325
2,VIC,12,LANGUAGES,9780060787325
2,VIC,12,MUSIC,9780987052049
2,VIC,12,LANGUAGES,9781260463170
2,VIC,12,ENGLISH,9780190320355
2,VIC,12,ENGLISH,9780190320355
2,VIC,12,LANGUAGES,9780732965723
2,VIC,12,LANGUAGES,9780732965723
2,VIC,12,SCIENCE,9781488611261
2,VIC,12,SCIENCE,9781488611247
2,VIC,12,SCIENCE,9781488611223
2,VIC,12,LANGUAGES,9780730371854
2,VIC,12,LANGUAGES,9780730371557
2,VIC,12,DRAMA,9780190303488
3,VIC,12,ENGLISH,9780190312480
3,VIC,12,LANGUAGES,9781563160332
3,VIC,12,RELIGIOUS EDUCATION,9781933301013
3,VIC,12,ENGLISH,9780648237327
6,VIC,12,SCIENCE,9780732979966
6,VIC,12,COMPUTER SCIENCE,9780732979966
6,VIC,12,ENGLISH,9780195505375
6,VIC,12,MATHEMATICS,9781316502662
6,VIC,12,SCIENCE,9780521726986
6,VIC,12,MATHEMATICS,9780732979966
6,VIC,12,COMPUTER SCIENCE,9780730389422
6,VIC,12,SCIENCE,9780732979966
6,VIC,12,HISTORY,9781875585038
6,VIC,12,HUMANITIES,9780995354524
6,VIC,12,SCIENCE,9780521712880
6,VIC,12,ENGLISH,9780195505375
6,VIC,12,PSYCHOLOGY,9780732979966
6,VIC,12,SCIENCE,9780732979966
6,VIC,12,HUMANITIES,9780730371557
6,VIC,12,HUMANITIES,9780730371854
6,VIC,12,SCIENCE,9781316502648
6,VIC,12,HISTORY,9781875585021
6,VIC,12,SCIENCE,9780732979966
6,VIC,12,SCIENCE,9780732979966
6,VIC,12,PSYCHOLOGY,9780732979966
6,VIC,12,SCIENCE,9780732979966
6,VIC,12,COMPUTER SCIENCE,9780732979966
6,VIC,12,COMPUTER SCIENCE,9780730389422
19,VIC,12,ENGLISH,9780141182636
19,VIC,12,ENGLISH,9781596682474
19,VIC,12,ENGLISH,9780141182551
19,VIC,12,HISTORY,9781875585038
19,VIC,12,GEOGRAPHY,9781875585021
19,VIC,12,SCIENCE,9781488611247
3,VIC,12,LANGUAGES,9788178985374
21,NSW,12,ENGLISH,9781476867236
21,NSW,12,ENGLISH,9780141439587
23,NSW,12,ENGLISH,9780141439587
27,ACT,11,ENGLISH,9780141439471
27,ACT,11,ENGLISH,9780141439471
20,NSW,12,DESIGN AND TECHNOLOGY,9780947225681
20,NSW,12,DESIGN AND TECHNOLOGY,9780947225698
20,NSW,12,DESIGN AND TECHNOLOGY,9780947225704
20,NSW,12,DESIGN AND TECHNOLOGY,9780947225711
21,NSW,12,LANGUAGES,9780198494621
12,WA,12,ENGLISH LITERARY STUDIES,9780199535903
20,NSW,12,ENGLISH,9781784870614
21,NSW,12,ENGLISH,9780440219514
24,QLD,12,ENGLISH LITERARY STUDIES,9780812994384
34,QLD,12,ENGLISH LITERARY STUDIES,9781586638535
19,VIC,12,ENGLISH,9780141439792
27,ACT,12,ENGLISH,9780140441468
27,ACT,12,ENGLISH,9780140441468
27,ACT,12,ENGLISH,9780141439495
40,NT,12,ENGLISH LITERARY STUDIES,9781854592200
38,NSW,11,ENGLISH,9781591842880
38,NSW,12,ENGLISH,9780763662622
1,NSW,12,ENGLISH,9780141439563
31,QLD,12,RELIGIOUS EDUCATION,9780564098354
34,QLD,12,ENGLISH LITERARY STUDIES,9780140180909
2,VIC,12,ENGLISH LITERARY STUDIES,9780140441468
3,VIC,12,LANGUAGES,9789839494488
27,ACT,12,ENGLISH,9780732299361
23,NSW,12,ENGLISH,9781108456067
38,NSW,12,ENGLISH,9781107615533
2,VIC,8,RELIGIOUS EDUCATION,9780807047415
20,NSW,12,ENGLISH,9781523227655
20,NSW,12,ENGLISH,9780521735568
20,NSW,12,LANGUAGES,9780140449327
38,NSW,11,ENGLISH,9780141186887
38,NSW,11,ENGLISH,9781400078776
12,WA,12,ENGLISH LITERARY STUDIES,9780141189963
12,WA,12,ENGLISH LITERARY STUDIES,9781784871444
20,NSW,12,ENGLISH,9780733630491
20,NSW,12,ENGLISH,9780733630491
21,NSW,12,ENGLISH,9781782953463
23,NSW,12,ENGLISH,9781782953463
40,NT,12,ENGLISH,9781970081282
31,QLD,12,ENGLISH,9781925945065
31,QLD,12,ENGLISH,9781925945096
34,QLD,12,ENGLISH,9781925945331
27,ACT,11,ENGLISH,9781107615458
27,ACT,11,ENGLISH,9781107615458
27,ACT,12,ENGLISH,9781107615533
27,ACT,12,ENGLISH,9781107615533
27,ACT,12,ENGLISH,9781107615533
9,NSW,3,ENGLISH,9781925487312
3,VIC,12,ENGLISH,9780190312541
27,ACT,11,ENGLISH,9780099284796
27,ACT,11,ENGLISH,9780099448754
27,ACT,11,ENGLISH,9788121922470
27,ACT,11,ENGLISH,9788121922470
27,ACT,11,ENGLISH,9780316556347
27,ACT,11,ENGLISH,9780316556347
27,ACT,12,ENGLISH,9780749399276
27,ACT,12,ENGLISH,9780749399276
27,ACT,12,ENGLISH,9780143785750
2,VIC,12,ENGLISH,9780970181671
27,ACT,11,LANGUAGES,9781108760379
27,ACT,11,LANGUAGES,9781108707374
27,ACT,11,LANGUAGES,9781108720359
27,ACT,11,LANGUAGES,9781108704908
1,NSW,12,ENGLISH,9781107615489
25,QLD,12,ENGLISH,9781107615489
31,QLD,12,ENGLISH,9781107615489
2,VIC,12,ENGLISH,9781925485820
2,VIC,12,ENGLISH,9781922243119
2,VIC,12,ENGLISH,9781925485707
12,WA,12,ENGLISH LITERARY STUDIES,9780702234712
23,NSW,12,DRAMA,9780571212460
38,NSW,12,ENGLISH,9780099594024
27,ACT,12,DRAMA,9780413492708
1,NSW,12,LANGUAGES,9780140449327
3,VIC,12,MATHEMATICS,9783600131398
6,VIC,12,MATHEMATICS,9783600131398
6,VIC,12,SCIENCE,9781864782196
19,VIC,12,ENGLISH,9780198321088
19,VIC,12,ENGLISH,9780198328704
19,VIC,12,MATHEMATICS,9781107567573
40,NT,11,ENGLISH LITERARY STUDIES,9781590171998
1,NSW,12,ENGLISH,9781782953463
1,NSW,12,ENGLISH,9780571209132
3,VIC,12,ENGLISH,9780099462217
3,VIC,12,ENGLISH,9788409171965
31,QLD,12,LANGUAGES,9780063074293
31,QLD,12,ENGLISH,9780316243926
40,NT,12,ENGLISH LITERARY STUDIES,9781400078776
2,VIC,12,ENGLISH LITERARY STUDIES,9780141184357
2,VIC,12,ENGLISH,9780143180128
2,VIC,12,ENGLISH LITERARY STUDIES,9780140278774
2,VIC,12,ENGLISH LITERARY STUDIES,9781250094674
6,VIC,12,ENGLISH,9780141186887
6,VIC,12,ENGLISH,9780099462217
19,VIC,12,ENGLISH,9780141184357
19,VIC,12,ENGLISH,9780143129516
19,VIC,12,MATHEMATICS,9781316422984
38,NSW,11,DRAMA,9780868198071
20,NSW,12,DRAMA,9780868190389
20,NSW,12,DRAMA,9780868190075
21,NSW,12,ENGLISH,9780868198828
21,NSW,12,DRAMA,9781925005141
21,NSW,12,DRAMA,9780868197975
21,NSW,12,DRAMA,9781760621834
23,NSW,12,DRAMA,9781925005141
23,NSW,12,DRAMA,9780868197975
31,QLD,12,MATHEMATICS,9780863158186
27,ACT,11,ENGLISH,9780571199952
27,ACT,11,ENGLISH,9780571199952
27,ACT,11,ENGLISH,9780571199952
27,ACT,12,ENGLISH,9781473221628
27,ACT,12,ENGLISH,9780007548675
27,ACT,12,ENGLISH,9780375725845
27,ACT,12,ENGLISH,9780099594024
27,ACT,12,ENGLISH,9780099594024
27,ACT,12,ENGLISH,9780099594024
27,ACT,12,ENGLISH,9780140623673
21,NSW,12,DRAMA,9780573130137
23,NSW,12,ENGLISH,9780571229116
38,NSW,12,ENGLISH,9780571229116
12,WA,12,ENGLISH LITERARY STUDIES,9780143569725
20,NSW,12,ENGLISH,9780571057061
23,NSW,12,DRAMA,9780413765000
38,NSW,12,ENGLISH,9780143785996
27,ACT,11,ENGLISH,9780679746690
27,ACT,11,ENGLISH,9780679746690
27,ACT,12,DRAMA,9780868190389
27,ACT,12,DRAMA,9780868190075
27,ACT,12,DRAMA,9780804170390
27,ACT,12,ENGLISH,9781925483574
27,ACT,12,ENGLISH,9781925483574
27,ACT,12,ENGLISH,9781925360851
38,NSW,11,ENGLISH,9780143039976
1,NSW,12,DRAMA,9781935753230
25,QLD,12,ENGLISH,9780553294385
2,VIC,12,ENGLISH,9781408108390
19,VIC,12,ENGLISH,9780868194035
19,VIC,12,ENGLISH,9781857989380
19,VIC,12,ENGLISH,9780733632426
19,VIC,12,ENGLISH,9780679781516
19,VIC,12,ENGLISH,9781780353449
3,VIC,12,HISTORY,9780950096797
3,VIC,12,HISTORY,9780950096780
6,VIC,12,HISTORY,9780980831542
6,VIC,12,HISTORY,9780950096797
6,VIC,12,ENGLISH LITERARY STUDIES,9780868191461
38,NSW,11,DRAMA,9781925338515
21,NSW,12,ENGLISH,9780140422108
34,QLD,12,ENGLISH,9781594483653
1,NSW,12,ENGLISH,9780868198828
1,NSW,12,DRAMA,9780868197975
1,NSW,12,DRAMA,9780868199665
27,ACT,11,ENGLISH,9781408125755
27,ACT,11,ENGLISH,9781408125755
22,NSW,12,VISUAL ARTS,9781925534696
23,NSW,12,VISUAL ARTS,9781925534696
25,QLD,11,SCIENCE,9780190320416
25,QLD,11,SCIENCE,9780190313395
1,NSW,12,DRAMA,9780573130137
3,VIC,12,ENGLISH,9781925778687
25,QLD,12,SCIENCE,9780190320416
25,QLD,12,SCIENCE,9780190320430
2,VIC,12,ENGLISH,9781925316827
31,QLD,12,ENGLISH,9781925228861
2,VIC,12,ENGLISH LITERARY STUDIES,9780143785996
3,VIC,12,SCIENCE,9781488611247
3,VIC,12,SCIENCE,9781488695971
12,WA,12,SCIENCE,9781488617720
12,WA,12,SCIENCE,9780321940667
2,VIC,12,SCIENCE,9781488695971
3,VIC,12,LANGUAGES,9781936569687
20,NSW,12,SCIENCE,9780170449687
20,NSW,12,SCIENCE,9780170449625
3,VIC,12,ENGLISH,9781925338966
6,VIC,12,ENGLISH,9781925338966
6,VIC,12,ENGLISH,9781876703424
24,QLD,12,ENGLISH LITERARY STUDIES,9780198715443
34,QLD,12,ENGLISH LITERARY STUDIES,9780373028696
2,VIC,12,PSYCHOLOGY,9780170365642
2,VIC,12,PSYCHOLOGY,9780170365642
2,VIC,12,ACCOUNTING,9781108469845
6,VIC,12,ACCOUNTING,9781108469906
6,VIC,12,ACCOUNTING,9781108469845
18,VIC,12,ACCOUNTING,9781108469845
19,VIC,12,ACCOUNTING,9781108469845
27,ACT,12,ENGLISH,9781921450655
27,ACT,12,HISTORY,9781405801683
6,VIC,12,HISTORY,9781875585175
6,VIC,12,ENGLISH LITERARY STUDIES,9780141199351
6,VIC,12,HISTORY,9781875585168
6,VIC,12,ENGLISH LITERARY STUDIES,9788409171965
21,NSW,12,SCIENCE,9781921741999
1,NSW,12,ENGLISH,9781840222654
1,NSW,12,ENGLISH,9780140422108
34,QLD,12,ENGLISH,9780812979329
12,WA,12,PSYCHOLOGY,9780170419901
12,WA,12,DESIGN AND TECHNOLOGY,9780833083982
31,QLD,12,LEGAL STUDIES,9780974839165
31,QLD,12,PSYCHOLOGY,9781111841935
31,QLD,12,SCIENCE,9781930882744
31,QLD,12,SCIENCE,9780076716623
31,QLD,12,SCIENCE,9780076855049
31,QLD,12,PDHPE,9780078971747
20,NSW,12,LANGUAGES,9781876739676
6,VIC,12,BUSINESS STUDIES,9780730389422
27,ACT,11,ENGLISH,9780143039952
27,ACT,11,ENGLISH,9780143039952
31,QLD,12,LANGUAGES,9780199298525
31,QLD,12,MATHEMATICS,9781488621475
31,QLD,12,MATHEMATICS,9781488621468
31,QLD,12,MATHEMATICS,9781488621451
32,QLD,12,SCIENCE,9781488619663
32,QLD,12,SCIENCE,9781488619687
2,VIC,12,PDHPE,9780170373937
6,VIC,12,ENGLISH,9788121922470
19,VIC,12,LANGUAGES,9788431661151
1,NSW,12,LANGUAGES,9780008167677
2,VIC,12,ENGLISH,9780593331828
2,VIC,12,ENGLISH,9780593331828
10,VIC,9,MUSIC,9780987052032
10,VIC,9,MUSIC,9780987052032
10,VIC,10,MUSIC,9780987052032
10,VIC,10,MUSIC,9780987052032
21,NSW,12,WORK STUDIES,9781741307641
23,NSW,12,MATHEMATICS,9780170459273
12,WA,12,SCIENCE,9780992573850
12,WA,12,SCIENCE,9780980370461
21,NSW,12,BUSINESS STUDIES,9780648841906
3,VIC,12,PSYCHOLOGY,9780170365635
2,VIC,12,MUSIC,2019052211324
2,VIC,12,SCIENCE,9780170373982
2,VIC,12,PSYCHOLOGY,9780170374040
2,VIC,12,PSYCHOLOGY,9780170374057
2,VIC,12,SCIENCE,9780170373951
2,VIC,12,SCIENCE,9780170373968
2,VIC,12,PDHPE,9780170385459
2,VIC,12,SCIENCE,9780170373999
2,VIC,12,LANGUAGES,9781864413335
2,VIC,12,LANGUAGES,9781740200523
2,VIC,12,LANGUAGES,9781740200523
6,VIC,12,MATHEMATICS,9780170354097
6,VIC,12,MATHEMATICS,9780170354127
6,VIC,12,LEGAL STUDIES,9780170400251
21,NSW,12,MATHEMATICS,9781922034717
2,VIC,8,LANGUAGES,9781438072791
2,VIC,12,LANGUAGES,9781260121070
2,VIC,12,LANGUAGES,9788877610867
2,VIC,12,LANGUAGES,9780076757480
40,NT,11,ENGLISH LITERARY STUDIES,9780435193102
1,NSW,12,LANGUAGES,9783499256356
23,NSW,12,MATHEMATICS,9780076045372
12,WA,11,MATHEMATICS,9780170390330
12,WA,11,MATHEMATICS,9780170390408
12,WA,11,SCIENCE,9781927173930
12,WA,12,SCIENCE,9781927173930
20,NSW,12,DESIGN AND TECHNOLOGY,9781741256222
20,NSW,12,SCIENCE,9781741256765
20,NSW,12,SCIENCE,9781741256789
38,NSW,12,MATHEMATICS,9781741256277
38,NSW,12,MATHEMATICS,9781741256277
38,NSW,12,MATHEMATICS,9781741257250
38,NSW,12,SCIENCE,9781741257267
38,NSW,12,FOOD TECHNOLOGY,9781741253160
20,NSW,12,LANGUAGES,9780906515570
12,WA,11,PSYCHOLOGY,9781740980074
12,WA,11,PDHPE,9781619606104
27,ACT,11,LANGUAGES,9781260120950
2,VIC,12,FOOD TECHNOLOGY,9780134806631
2,VIC,12,LEGAL STUDIES,9781284142945
2,VIC,12,LEGAL STUDIES,9781647088927
2,VIC,12,HISTORY,9780076779345
2,VIC,12,PSYCHOLOGY,9780135212431
2,VIC,12,PSYCHOLOGY,9780134637044
2,VIC,12,BUSINESS STUDIES,9788182051676
2,VIC,12,BUSINESS STUDIES,9780321914071
2,VIC,12,SCIENCE,9780136592723
2,VIC,12,SCIENCE,9780079031808
2,VIC,12,SCIENCE,9780076775682
2,VIC,10,BUSINESS STUDIES,9780730378365
1,NSW,12,LANGUAGES,9781741251883
3,VIC,12,MATHEMATICS,9781108821308
3,VIC,12,MATHEMATICS,9781108821360
3,VIC,12,PSYCHOLOGY,9781108908917
3,VIC,12,SCIENCE,9781108908689
2,VIC,12,SCIENCE,9781108908689
6,VIC,12,BUSINESS STUDIES,9780730365662
6,VIC,12,MATHEMATICS,9781108821360
6,VIC,12,PSYCHOLOGY,9781108908917
6,VIC,12,ACCOUNTING,9781108908672
6,VIC,12,SCIENCE,9781108908689
24,QLD,12,ENGLISH LITERARY STUDIES,9780868197951
2,VIC,12,ENGLISH LITERARY STUDIES,9780571336173
27,ACT,11,LANGUAGES,9781260120998
28,SA,12,MATHEMATICS,9780333794449
40,NT,12,MATHEMATICS,9781913433048
40,NT,12,MATHEMATICS,9781925489552
40,NT,12,MATHEMATICS,9781925489552
23,NSW,12,LANGUAGES,9780547901893
23,NSW,12,LANGUAGES,9781260455137
23,NSW,12,HISTORY,9780299321949
27,ACT,12,HISTORY,9780858543881
38,NSW,11,HISTORY,9780733606823
38,NSW,12,HISTORY,9780977597284
3,VIC,12,SCIENCE,9781488612015
3,VIC,12,SCIENCE,9781488611995
20,NSW,12,DESIGN AND TECHNOLOGY,9780947225667
27,ACT,12,ENGLISH,9781555975845
12,WA,11,SCIENCE,9780170243247
1,NSW,12,HISTORY,9781920681746
27,ACT,11,MATHEMATICS,9781925489552
27,ACT,11,LANGUAGES,9780521385879
27,ACT,11,BUSINESS STUDIES,9781921917950
1,NSW,12,LANGUAGES,9781260120950
19,VIC,12,LANGUAGES,9781260120950
12,WA,11,LANGUAGES,9780733970672
12,WA,12,LANGUAGES,9780733969027
12,WA,11,MATHEMATICS,9781876918859
12,WA,11,MATHEMATICS,9781876918637
12,WA,11,MATHEMATICS,9781740981729
12,WA,12,POLITICS AND LAW,9781740982986
12,WA,12,SCIENCE,9781740982894
12,WA,12,PDHPE,9781740982504
12,WA,12,POLITICS AND LAW,9781740982504
12,WA,12,SCIENCE,9781740982979
12,WA,12,PSYCHOLOGY,9781740982993
12,WA,12,PSYCHOLOGY,9781876918774
27,ACT,12,HISTORY,9780648363934
1,NSW,12,LANGUAGES,9781260120998
20,NSW,12,HISTORY,9780340679913
27,ACT,12,BUSINESS STUDIES,9780648072324
21,NSW,12,MATHEMATICS,9781741256277
21,NSW,12,MATHEMATICS,9781741257250
21,NSW,12,MATHEMATICS,9781741256000
24,QLD,12,LANGUAGES,9780134684208
1,NSW,12,LANGUAGES,9780906515570
38,NSW,12,HISTORY,9780987634559
27,ACT,12,LANGUAGES,9780170106481
27,ACT,11,MATHEMATICS,9781876543112
12,WA,11,SCIENCE,9781740980074
12,WA,11,SCIENCE,9781876918729
12,WA,11,SCIENCE,9781876918910
12,WA,11,SCIENCE,9781740981736
20,NSW,12,DESIGN AND TECHNOLOGY,9780170210713
12,WA,11,PSYCHOLOGY,9780170414173
38,NSW,11,SCIENCE,9781921741807
12,WA,12,PSYCHOLOGY,9780170414180
20,NSW,12,SCIENCE,9780855837884
20,NSW,12,HISTORY,9780170402149
20,NSW,12,SCIENCE,9781921741814
21,NSW,12,SCIENCE,9781921741814
22,NSW,12,SCIENCE,9780855837716
22,NSW,12,SCIENCE,9780855837723
23,NSW,12,HISTORY,9781260709742
38,NSW,12,HISTORY,9780170402149
38,NSW,12,SCIENCE,9781921741814
20,NSW,12,HISTORY,9781471861970
38,NSW,12,HISTORY,9781471861970
1,NSW,12,LANGUAGES,9783223221971
1,NSW,12,LANGUAGES,9780977597284
20,NSW,12,LANGUAGES,9780521540438
20,NSW,12,LANGUAGES,9781585102143
2,VIC,12,LANGUAGES,9780170129404
6,VIC,10,SCIENCE,9780190307035
18,VIC,10,MUSIC,9780987052032
6,VIC,11,SCIENCE,9783600131398
23,NSW,12,HISTORY,9780444521040
6,VIC,12,SCIENCE,9781988566474
6,VIC,12,ENGLISH,9780140441291
12,WA,12,SCIENCE,9781876918705
12,WA,12,SCIENCE,9781876918729
12,WA,12,SCIENCE,9781876918729
12,WA,12,SCIENCE,9781740981804
12,WA,12,ECONOMICS,9781876918712
2,VIC,12,ENGLISH,9781921411939
2,VIC,12,LANGUAGES,9780170135726
19,VIC,12,LANGUAGES,9780170266390
19,VIC,12,LANGUAGES,9780170135726
27,ACT,11,MATHEMATICS,9781925489576
20,NSW,12,LANGUAGES,9780582362406
27,ACT,12,HISTORY,9780300180077
29,QLD,11,LANGUAGES,9783190110605
24,QLD,12,ACCOUNTING,9780357132692
24,QLD,12,ECONOMICS,9781337617390
20,NSW,12,HISTORY,9781108333009
21,NSW,12,HISTORY,9781629171340
27,ACT,11,BUSINESS STUDIES,9781471868429
23,NSW,12,MATHEMATICS,9780076644667
23,NSW,12,MATHEMATICS,9780076644667
23,NSW,12,MATHEMATICS,9783642315220
2,VIC,12,ENGLISH LITERARY STUDIES,9781925778168
2,VIC,12,ENGLISH LITERARY STUDIES,9781925778168
27,ACT,11,GEOGRAPHY,9780957981980
1,NSW,12,LANGUAGES,9780987634559
23,NSW,12,RELIGIOUS EDUCATION,9781108872874
38,NSW,10,MATHEMATICS,9780133343168
27,ACT,11,COMPUTER SCIENCE,9781471552335
19,VIC,12,GEOGRAPHY,9781876703424
19,VIC,12,GEOGRAPHY,9781876703448
19,VIC,12,GEOGRAPHY,9781876703530
19,VIC,12,GEOGRAPHY,9781876703431
1,NSW,12,SCIENCE,9781921741814
1,NSW,12,LANGUAGES,9787100059459
1,NSW,12,LANGUAGES,9787100059459
20,NSW,12,RELIGIOUS EDUCATION,9780170457583
24,QLD,12,LANGUAGES,9787100059459
24,QLD,12,SCIENCE,9780198392118
24,QLD,12,SCIENCE,9780198390749
24,QLD,12,SCIENCE,9780199204632
31,QLD,12,LANGUAGES,9787100059459
24,QLD,12,GEOGRAPHY,9780730330271
27,ACT,12,HISTORY,9781108333009
1,NSW,12,LANGUAGES,9780521540438
21,NSW,12,SCIENCE,9781488619304
27,ACT,11,HISTORY,9781875585083
22,NSW,12,ENGINEERING STUDIES,9780980400328
27,ACT,11,MATHEMATICS,9781925489729
12,WA,11,LANGUAGES,9781488625893
38,NSW,11,LANGUAGES,9781108610469
12,WA,12,LANGUAGES,9781488625893
20,NSW,12,LANGUAGES,9781488625893
23,NSW,12,LANGUAGES,9780470279304
20,NSW,12,LANGUAGES,9781876739676
40,NT,11,ECONOMICS,9780080129587
40,NT,12,PSYCHOLOGY,9781876734954
2,VIC,12,LANGUAGES,9781740202572
2,VIC,12,LANGUAGES,9781740202572
20,NSW,12,LANGUAGES,9781488624179
27,ACT,11,SCIENCE,9780198423676
27,ACT,11,SCIENCE,9780198423638
27,ACT,12,LANGUAGES,9780170181358
1,NSW,12,LANGUAGES,9780198365839
6,VIC,12,LEGAL STUDIES,9781108821346
12,WA,11,MATHEMATICS,9780987104540
38,NSW,8,GEOGRAPHY,9781119393832
12,WA,11,DRAMA,9781921965883
12,WA,11,GEOGRAPHY,9780994546043
12,WA,12,SCIENCE,9781921965807
12,WA,12,GEOGRAPHY,9780980555196
12,WA,12,DRAMA,9781925207125
12,WA,12,DRAMA,9781921965883
38,NSW,12,LANGUAGES,9780205949458
37,NT,12,SCIENCE,9781488611247
37,NT,12,SCIENCE,9781488611254
21,NSW,12,LANGUAGES,9780199124244
22,NSW,12,HISTORY,9780170197953
23,NSW,12,HISTORY,9780170197960
38,NSW,8,MATHEMATICS,9781108771450
38,NSW,9,MATHEMATICS,9781483808734
12,WA,11,PSYCHOLOGY,9780655702931
39,TAS,11,LANGUAGES,9780732981365
20,NSW,12,RELIGIOUS EDUCATION,9781108869331
2,VIC,12,ENGLISH,9781462531592
2,VIC,12,ENGLISH,9781462531592
19,VIC,12,ENGLISH,9781462531592
6,VIC,12,LEGAL STUDIES,9780190310325
6,VIC,12,HISTORY,9781875585052
6,VIC,12,HISTORY,9780130112842
19,VIC,12,HISTORY,9780130112842
19,VIC,12,HISTORY,9780980831573
27,ACT,11,LANGUAGES,9781108760379
27,ACT,11,LANGUAGES,9781108707343
27,ACT,11,LANGUAGES,9781108760324
27,ACT,11,LANGUAGES,9781108720335
27,ACT,11,LANGUAGES,9789814792530
27,ACT,11,LANGUAGES,9789814792547
23,NSW,12,LANGUAGES,9781488657108
28,SA,11,SCIENCE,9781119589587
28,SA,11,SCIENCE,9781260135176
28,SA,11,SCIENCE,9781925505610
40,NT,12,LEGAL STUDIES,9781876734947
40,NT,12,ECONOMICS,9781925505382
39,TAS,11,ECONOMICS,9780655796473
27,ACT,11,HISTORY,9780198310181
38,NSW,9,FOOD TECHNOLOGY,9781493944552
38,NSW,10,FOOD TECHNOLOGY,9781493944552
12,WA,11,LANGUAGES,9780733970665
12,WA,12,LANGUAGES,9780733969010
20,NSW,12,SCIENCE,9780170411264
12,WA,11,PDHPE,9780648497547
12,WA,12,PDHPE,9780632012626
25,QLD,11,PDHPE,9780190313197
40,NT,11,SCIENCE,9780995384187
1,NSW,12,LANGUAGES,9781741251883
3,VIC,12,HUMANITIES,9780995354524
24,QLD,12,MATHEMATICS,9781108652339
24,QLD,12,MATHEMATICS,9781108603270
24,QLD,12,MATHEMATICS,9781108603270
24,QLD,12,MATHEMATICS,9781316635827
25,QLD,12,PDHPE,9780190313241
38,NSW,12,MATHEMATICS,9781488618291
6,VIC,12,BUSINESS STUDIES,9780730365655
6,VIC,12,HUMANITIES,9780995354524
6,VIC,12,HUMANITIES,9780995354548
19,VIC,12,MATHEMATICS,9781742160931
1,NSW,12,LANGUAGES,9780008320065
2,VIC,12,HISTORY,9781532322761
20,NSW,12,MATHEMATICS,9780957742888
23,NSW,12,LEGAL STUDIES,9781108797542
19,VIC,12,LANGUAGES,9781488625893
27,ACT,11,COMPUTER SCIENCE,9781471542091
12,WA,11,MATHEMATICS,9780170395274
12,WA,11,ACCOUNTING,9780132596831
12,WA,11,ACCOUNTING,9780134730370
38,NSW,11,DRAMA,9781138577664
20,NSW,12,SCIENCE,9780170438896
20,NSW,12,DESIGN AND TECHNOLOGY,9780521752930
20,NSW,12,COMPUTER SCIENCE,9780980874921
2,VIC,12,ENGLISH,9780992585419
2,VIC,12,ENGLISH,9780992585426
3,VIC,12,HISTORY,9780521541411
3,VIC,12,HISTORY,9781316219980
24,QLD,12,LANGUAGES,9784805310984
2,VIC,12,HISTORY,9780521541411
2,VIC,12,HISTORY,9781316219904
27,ACT,11,HISTORY,9781108760539
27,ACT,11,LANGUAGES,9780170288224
27,ACT,11,HISTORY,9781107558892
27,ACT,11,PSYCHOLOGY,9781107577060
27,ACT,12,VISUAL ARTS,9781107577060
20,NSW,12,MATHEMATICS,9781108771023
20,NSW,12,MATHEMATICS,9781108766333
20,NSW,12,PDHPE,9781108448079
20,NSW,12,MATHEMATICS,9781108766265
20,NSW,12,LANGUAGES,9780806142326
24,QLD,12,HISTORY,9780521224963
24,QLD,12,HISTORY,9780521045490
31,QLD,12,HISTORY,9781108562379
6,VIC,12,ACCOUNTING,9781107640702
6,VIC,12,ACCOUNTING,9781108688772
21,NSW,12,SCIENCE,9780170347990
40,NT,11,FOOD TECHNOLOGY,9781337557986
28,SA,12,FOOD TECHNOLOGY,9781925505337
40,NT,12,FOOD TECHNOLOGY,9781259706547
40,NT,12,ACCOUNTING,9780132744379
40,NT,12,PDHPE,9781492598923
6,VIC,12,ECONOMICS,9780730373773
12,WA,11,SCIENCE,9780995354746
2,VIC,12,DRAMA,9780994602015
19,VIC,12,DRAMA,9780994602015
19,VIC,12,DRAMA,9780994602015
38,NSW,11,HUMANITIES,9780170365505
12,WA,12,ACCOUNTING,9780170182058
20,NSW,12,LEGAL STUDIES,9781108797542
21,NSW,12,MATHEMATICS,9781488618314
21,NSW,12,SCIENCE,9780170365505
22,NSW,12,LEGAL STUDIES,9781108797542
23,NSW,12,MATHEMATICS,9780170450508
23,NSW,12,RELIGIOUS EDUCATION,9780170365505
23,NSW,12,HISTORY,9780190302986
38,NSW,12,LEGAL STUDIES,9781108797542
38,NSW,12,SCIENCE,9780170365505
27,ACT,11,BUSINESS STUDIES,9781108869331
27,ACT,11,GEOGRAPHY,9780198396031
27,ACT,12,DESIGN AND TECHNOLOGY,9781108869331
27,ACT,12,SCIENCE,9780980874921
40,NT,12,SCIENCE,9780648660262
6,VIC,12,HUMANITIES,9780995354562
12,WA,11,SCIENCE,9780987576125
12,WA,12,SCIENCE,9780958525343
6,VIC,9,SCIENCE,9780190306984
2,VIC,12,LANGUAGES,9780170135719
19,VIC,12,LANGUAGES,9780170135719
27,ACT,11,MATHEMATICS,9781108579087
27,ACT,11,MATHEMATICS,9781108434638
27,ACT,12,MATHEMATICS,9781108771023
27,ACT,12,MATHEMATICS,9781108766333
27,ACT,12,LEGAL STUDIES,9781108448079
38,NSW,12,FOOD TECHNOLOGY,9780170400572
20,NSW,12,RELIGIOUS EDUCATION,9780170365505
20,NSW,12,HISTORY,9781108413473
20,NSW,12,SCIENCE,9780170408998
22,NSW,12,ENVIRONMENTAL SCIENCE,9780855837846
22,NSW,12,SCIENCE,9780170408998
22,NSW,12,MATHEMATICS,9780170413367
22,NSW,12,MATHEMATICS,9780170413220
22,NSW,12,SCIENCE,9780170409131
23,NSW,12,MATHEMATICS,9781108562911
23,NSW,12,MATHEMATICS,9781316882368
23,NSW,12,SCIENCE,9780076716753
23,NSW,12,SCIENCE,9780544853416
38,NSW,12,SCIENCE,9780170408998
38,NSW,12,MATHEMATICS,9780170413633
38,NSW,12,SCIENCE,9780170408851
38,NSW,12,MATHEMATICS,9780170413367
38,NSW,12,MATHEMATICS,9780170413220
12,WA,11,MUSIC,9781742589428
12,WA,12,PDHPE,9781921965968
12,WA,12,POLITICS AND LAW,9781921965968
20,NSW,12,BUSINESS STUDIES,9780730393924
20,NSW,12,SCIENCE,9780730365525
22,NSW,12,BUSINESS STUDIES,9780730393924
22,NSW,12,PDHPE,9780730365525
23,NSW,12,BUSINESS STUDIES,9781264335794
23,NSW,12,PDHPE,9781107435124
38,NSW,12,SCIENCE,9780730356486
27,ACT,12,LANGUAGES,9780170106474
2,VIC,12,LANGUAGES,9780655702306
27,ACT,11,LEGAL STUDIES,9781108862813
27,ACT,12,LEGAL STUDIES,9781108797542
22,NSW,12,LEGAL STUDIES,9780190312091
22,NSW,12,LEGAL STUDIES,9780190312145
12,WA,11,ECONOMICS,9781876918613
12,WA,12,ECONOMICS,9780134126081
2,VIC,12,MATHEMATICS,9783600131398
27,ACT,11,ENGLISH,9780198434528
27,ACT,11,ENGLISH,9780198434528
12,WA,11,SCIENCE,9780170449090
12,WA,12,SCIENCE,9780170449168
23,NSW,12,SCIENCE,9780076923441
24,QLD,12,LEGAL STUDIES,9781108797542
2,VIC,12,LANGUAGES,9780170129374
27,ACT,11,COMPUTER SCIENCE,9781876659196
27,ACT,11,SCIENCE,9780170408929
27,ACT,11,MATHEMATICS,9780170413152
27,ACT,12,SCIENCE,9780170408998
27,ACT,12,MATHEMATICS,9780170413220
27,ACT,12,BUSINESS STUDIES,9780730393924
27,ACT,12,SCIENCE,9780730356486
27,ACT,12,PDHPE,9780730365525
1,NSW,12,SCIENCE,9780980874921
20,NSW,12,GEOGRAPHY,9781488620928
23,NSW,12,GEOGRAPHY,9780077023171
38,NSW,12,GEOGRAPHY,9781488620928
27,ACT,11,ENGLISH,9780198434610
27,ACT,11,ENGLISH,9780198434610
38,NSW,12,RELIGIOUS EDUCATION,9781108872874
25,QLD,11,MATHEMATICS,9781108623995
25,QLD,11,SCIENCE,9780190313586
25,QLD,11,SCIENCE,9780190310158
25,QLD,11,MATHEMATICS,9781108590211
25,QLD,11,MATHEMATICS,9781108595452
25,QLD,11,SCIENCE,9780190313395
1,NSW,12,MATHEMATICS,9781108579087
1,NSW,12,MATHEMATICS,9781108434638
1,NSW,12,MATHEMATICS,9781108771023
1,NSW,12,MATHEMATICS,9781108766333
1,NSW,12,MATHEMATICS,9781108448079
1,NSW,12,MATHEMATICS,9781108766265
1,NSW,12,MATHEMATICS,9781108469043
3,VIC,12,LEGAL STUDIES,9780190326302
24,QLD,12,SCIENCE,9780198307747
24,QLD,12,MATHEMATICS,9783600131398
24,QLD,12,MATHEMATICS,9783600131398
24,QLD,12,MATHEMATICS,9781108603270
24,QLD,12,MATHEMATICS,9783600131398
24,QLD,12,SCIENCE,9781108827355
24,QLD,12,SCIENCE,9780199204632
25,QLD,12,MATHEMATICS,9781108623995
25,QLD,12,SCIENCE,9780190313586
25,QLD,12,SCIENCE,9780190313654
25,QLD,12,MATHEMATICS,9781108461542
25,QLD,12,MATHEMATICS,9780521861533
25,QLD,12,SCIENCE,9780190313449
31,QLD,12,VISUAL ARTS,9781108461788
31,QLD,12,MATHEMATICS,9781108461542
31,QLD,12,MATHEMATICS,9781108623995
31,QLD,12,MATHEMATICS,9781108459778
31,QLD,12,MATHEMATICS,9780521861533
31,QLD,12,PSYCHOLOGY,9780190313340
34,QLD,12,MATHEMATICS,9781108592451
34,QLD,12,MATHEMATICS,9781108821360
34,QLD,12,MATHEMATICS,9781108461542
34,QLD,12,PSYCHOLOGY,9780190313340
6,VIC,12,LEGAL STUDIES,9780190326302
6,VIC,12,ENGLISH LITERARY STUDIES,9780413577801
19,VIC,12,LEGAL STUDIES,9780190326302
1,NSW,12,LANGUAGES,9780806142326
12,WA,12,POLITICS AND LAW,9780648930105
40,NT,12,PHILOSOPHY,9781921333569
27,ACT,11,DESIGN AND TECHNOLOGY,9780170210713
21,NSW,12,MUSIC,9781305664166
3,VIC,7,ENGLISH,9781488610622
3,VIC,10,ENGLISH,9781488656910
12,WA,11,SCIENCE,9780170452847
12,WA,11,SCIENCE,9781488617720
12,WA,11,SCIENCE,9781488617713
27,ACT,11,ENVIRONMENTAL SCIENCE,9781447990420
27,ACT,11,PDHPE,9780730356714
12,WA,12,SCIENCE,9781488617737
12,WA,12,SCIENCE,9781488613579
12,WA,12,SCIENCE,9780170452922
23,NSW,12,ECONOMICS,9780076819690
38,NSW,12,ECONOMICS,9780655780731
39,TAS,11,LANGUAGES,9780732965679
40,NT,11,LANGUAGES,9780732965679
40,NT,12,LANGUAGES,9780732965693
40,NT,11,ENGLISH LITERARY STUDIES,9781740818377
1,NSW,12,MATHEMATICS,9781488618314
40,NT,12,ENGLISH LITERARY STUDIES,9781740818377
2,VIC,12,LEGAL STUDIES,9781108887199
2,VIC,12,LEGAL STUDIES,9781108819275
20,NSW,12,AGRICULTURE,9780170265560
27,ACT,11,GEOGRAPHY,9781488620935
27,ACT,11,GEOGRAPHY,9780198396031
27,ACT,12,GEOGRAPHY,9781488620928
25,QLD,11,BUSINESS STUDIES,9780170418485
24,QLD,12,ACCOUNTING,9780357132692
24,QLD,12,ECONOMICS,9781337617390
25,QLD,12,BUSINESS STUDIES,9780170418492
31,QLD,12,ACCOUNTING,9780170401890
31,QLD,12,BUSINESS STUDIES,9780170418492
34,QLD,12,ACCOUNTING,9780170401890
34,QLD,12,BUSINESS STUDIES,9780170418492
38,NSW,12,DANCE,9781108869300
2,VIC,12,FOOD TECHNOLOGY,9780170378543
2,VIC,12,FOOD TECHNOLOGY,9780170378611
19,VIC,12,ENGLISH,9780170378611
27,ACT,11,ECONOMICS,9780655796473
25,QLD,11,ENGLISH,9780170423601
25,QLD,11,HISTORY,9781108469418
25,QLD,11,DESIGN AND TECHNOLOGY,9780170419918
1,NSW,12,LANGUAGES,9783468980428
1,NSW,12,SCIENCE,9780170408998
1,NSW,12,SCIENCE,9780170408851
21,NSW,12,SCIENCE,9780170408998
24,QLD,12,LANGUAGES,9787561923818
24,QLD,12,HISTORY,9780521044981
24,QLD,12,HISTORY,9780521045490
25,QLD,12,DESIGN AND TECHNOLOGY,9780170419918
25,QLD,12,ENGLISH,9780170423601
25,QLD,12,HISTORY,9781108469418
31,QLD,12,HISTORY,9781108469418
31,QLD,12,PDHPE,9781108590969
2,VIC,12,PDHPE,9780170373739
2,VIC,12,PDHPE,9780170373852
6,VIC,12,ACCOUNTING,9781108469913
6,VIC,12,ACCOUNTING,9781108688772
18,VIC,12,ACCOUNTING,9781108688772
19,VIC,12,LANGUAGES,9783125298613
1,NSW,12,BUSINESS STUDIES,9780730393924
1,NSW,12,PDHPE,9780730365525
38,NSW,7,HISTORY,9781938168369
38,NSW,7,SCIENCE,9780077005603
38,NSW,8,SCIENCE,9780077005603
27,ACT,11,PSYCHOLOGY,9780199129690
27,ACT,11,BUSINESS STUDIES,9780730356394
27,ACT,11,VISUAL ARTS,9781742163512
27,ACT,11,SCIENCE,9780730347774
27,ACT,12,ECONOMICS,9780655780731
27,ACT,12,VISUAL ARTS,9781742163512
19,VIC,12,ENGLISH,9780987430533
27,ACT,11,SCIENCE,9780170265560
27,ACT,12,SCIENCE,9780170265560
21,NSW,12,RELIGIOUS EDUCATION,9780170210713
21,NSW,12,SCIENCE,9781488619304
20,NSW,12,ECONOMICS,9780648589624
6,VIC,12,ECONOMICS,9780730373773
19,VIC,12,HUMANITIES,9781108813594
19,VIC,12,HUMANITIES,9781108265225
20,NSW,12,SCIENCE,9780170449625
20,NSW,12,SCIENCE,9780170449687
20,NSW,12,LANGUAGES,9780063074286
20,NSW,12,LANGUAGES,9781568364575
31,QLD,12,SCIENCE,9781488619564
31,QLD,12,SCIENCE,9781488685866
31,QLD,12,SCIENCE,9781488685668
34,QLD,12,SCIENCE,9781488619564
34,QLD,12,SCIENCE,9781488685668
34,QLD,12,SCIENCE,9781488685866
27,ACT,11,LANGUAGES,9781108440455
1,NSW,12,RELIGIOUS EDUCATION,9781108869331
3,VIC,12,PSYCHOLOGY,9780170365628
27,ACT,11,ECONOMICS,9781108847063
27,ACT,11,BUSINESS STUDIES,9781921917905
27,ACT,11,LANGUAGES,9780198422372
38,NSW,12,MUSIC,9780648118244
3,VIC,12,SCIENCE,9781488611254
3,VIC,12,SCIENCE,9781488611230
37,NT,12,SCIENCE,9781488611254
2,VIC,12,SCIENCE,9781488611254
2,VIC,12,SCIENCE,9781488611230
21,NSW,12,MATHEMATICS,9781488618314
38,NSW,12,MATHEMATICS,9781488618314
25,QLD,11,LEGAL STUDIES,9781108469500
1,NSW,12,ECONOMICS,9780655780731
3,VIC,12,MATHEMATICS,9781316422953
3,VIC,12,MATHEMATICS,9781108821308
24,QLD,12,LEGAL STUDIES,9781108797542
24,QLD,12,GEOGRAPHY,9780730347132
25,QLD,12,LEGAL STUDIES,9781108469500
31,QLD,12,GEOGRAPHY,9780730369042
34,QLD,12,LEGAL STUDIES,9780521698986
2,VIC,12,BUSINESS STUDIES,9780730389422
2,VIC,12,BUSINESS STUDIES,9780730389422
6,VIC,12,MATHEMATICS,9781107587434
6,VIC,12,BUSINESS STUDIES,9780730389422
6,VIC,12,MATHEMATICS,9781316422953
18,VIC,12,SCIENCE,9780170368667
19,VIC,12,BUSINESS STUDIES,9780730389422
19,VIC,12,BUSINESS STUDIES,9780730389422
19,VIC,12,MATHEMATICS,9781316422984
19,VIC,12,MATHEMATICS,9781108821308
19,VIC,12,MATHEMATICS,9780730365464
27,ACT,11,SCIENCE,9781107628199
27,ACT,11,HUMANITIES,9780415684811
19,VIC,12,GEOGRAPHY,9780170265560
39,TAS,11,PDHPE,9781420229431
24,QLD,12,LANGUAGES,9781471858161
37,NT,12,ACCOUNTING,9781108688772
37,NT,12,ACCOUNTING,9781108469913
2,VIC,12,ACCOUNTING,9781108688772
2,VIC,12,ACCOUNTING,9781108469913
19,VIC,12,ACCOUNTING,9781108688772
1,NSW,12,LANGUAGES,9781568364575
6,VIC,12,SCIENCE,9781876703431
